timestamp,Vol_10d,Vol_20d,Vol_30d,Vol_60d,Vol_90d,Vol_120d,Vol_252d
2024-11-05,0.10691211554964719,0.09981639340076225,0.09542034630414904,0.10163737486669705,0.11583600256083756,0.12340481349601001,0.13059177571154412
2024-11-06,0.18341319426598435,0.15051452686973285,0.1315321372406178,0.11940045295611341,0.1270540414314343,0.13159492020949623,0.13358257255635525
2024-11-07,0.20655890366865057,0.16012746640491093,0.13926370789323228,0.12309530172327217,0.12665523603897472,0.1321612264898527,0.13401374712242442
2024-11-08,0.20824505231727464,0.16264059799854194,0.14172402567159006,0.12369769008518558,0.12702928318368958,0.13001627396785667,0.13423849110082955
2024-11-10,0.1958897195609483,0.16046466042328736,0.1416657758451843,0.12368123188953452,0.12694491749765494,0.130006815173842,0.13422832792720077
2024-11-11,0.21482923971448326,0.17535850540607723,0.1572862259017763,0.13326102601780268,0.13282661091872763,0.13463986231099237,0.1364105149740501
2024-11-12,0.2112342999526158,0.1770800932205739,0.15803251754394493,0.1348820049423293,0.1327183084981063,0.1352564728931944,0.1367496237559068
2024-11-13,0.21242333995127352,0.17933983073207382,0.1602193229796605,0.13684463386006335,0.13191616679644952,0.1354613563166743,0.13719817900142905
2024-11-14,0.2103026077274275,0.1736475284431306,0.15758432619626508,0.1358836029027321,0.13197865997301822,0.1344317130142529,0.137029593941261
2024-11-15,0.20936386691530748,0.17230857966960586,0.1546658343430554,0.13483111842494783,0.13200304929608572,0.13448061712768364,0.13705762393182558
2024-11-17,0.2101008556790592,0.17193449248975834,0.15535176164008152,0.1350116311178013,0.13210805156420127,0.13453693792817442,0.1370731304588692
2024-11-18,0.19128592582590212,0.18261868616149882,0.16275205804049758,0.13843358236930897,0.13192210936866486,0.13622857186447168,0.13787003276233742
2024-11-19,0.17476404151855254,0.18669508853354455,0.16436184578019153,0.13914791120081743,0.1315377813849167,0.13665484046755522,0.13803231038219912
2024-11-20,0.17706288033968928,0.1883169715465193,0.16483455107908104,0.13946434465850027,0.13184356028062955,0.13589571244979146,0.13813403144459302
2024-11-21,0.1809076144972384,0.1847750920494964,0.16443838761671323,0.1352387450837799,0.12953156852199457,0.13607546207369445,0.13823098928279118
2024-11-22,0.15116538447600084,0.1963736045490289,0.1698180594495073,0.13883498754067558,0.13237496694864742,0.13671900443686577,0.1390602773178805
2024-11-25,0.25972747611669256,0.23546156817454877,0.20476083268890077,0.16171595662534433,0.14892459922421597,0.14880736137198602,0.14465262315149213
2024-11-26,0.25460445925234176,0.23855906799078297,0.20672654968777365,0.16255801361948694,0.14615692425685747,0.1483554279209357,0.14483818753579028
2024-11-27,0.25354423980196417,0.23872933477237096,0.2045955699017565,0.16235983586371663,0.1458900140277833,0.14835908281773652,0.14461389689525445
2024-11-28,0.2524770541657835,0.238874218032058,0.20329491547541106,0.16185808030873575,0.14544877053724203,0.1483210222632868,0.1445596617952875
2024-11-29,0.2525340451522966,0.23918927455286942,0.203247772794617,0.16061796606673956,0.14550757664956085,0.14626885780642485,0.1445970187256216
2024-12-01,0.24286149285170247,0.21440919464110067,0.20246989013399713,0.15840289044886222,0.14194800060031176,0.14625242406189046,0.14460447519050956
2024-12-02,0.23960358615640007,0.2055405161936386,0.20229097869582197,0.15844097557228984,0.14198599518083366,0.14626934276319878,0.14450939313116976
2024-12-03,0.23705853421588358,0.20375642418883144,0.20194378203579694,0.1584104367476202,0.14196250890771295,0.14609313318941608,0.1445103060506366
2024-12-04,0.23500421008181868,0.20411513768898595,0.198995087880496,0.15655602591840695,0.14191137886064942,0.14373146572008813,0.14445593306499888
2024-12-05,0.21291911630448207,0.18736673082761449,0.19880187452429243,0.15707261697140093,0.14236816323787801,0.14399005941279633,0.14388195710408028
2024-12-06,0.06236711485850117,0.18386714538221086,0.19543022388822157,0.15656214238866725,0.1412307859081796,0.1436127447887176,0.1438916012802039
2024-12-08,0.0478865416038514,0.17909700762893194,0.1956474243096089,0.15629187415258577,0.14038616817757255,0.14095651082421046,0.14385356751549852
2024-12-09,0.06177541976461368,0.1802119340427506,0.19741015668271286,0.15712838632368722,0.14093949468693884,0.14124939689407295,0.1439730140182758
2024-12-10,0.0870535594848209,0.18393512689142139,0.20159453636670974,0.15784416460930845,0.14247925235616857,0.14194921158657597,0.14441446619848028
2024-12-11,0.09310492650138182,0.18527616748196613,0.2031575723985707,0.15773731924305612,0.14304423956612286,0.14227582895790067,0.14458298661306065
2024-12-12,0.1265145705672795,0.18846873222851424,0.18772398956779845,0.16070726099093036,0.14481033530616944,0.1438924660090469,0.14541900935389815
2024-12-13,0.14367887694037887,0.19228344239894413,0.18494297857809044,0.16268465999870113,0.14629427977492235,0.14343152833513506,0.1460380562788597
2024-12-15,0.14381152391727178,0.19091115373823783,0.1835467531873341,0.1627020875264083,0.145809455112981,0.14289135716114398,0.14603074073940525
2024-12-16,0.1431182248799973,0.1894713415311471,0.1835278802354729,0.16268960417977563,0.14580905401760244,0.14281719005967158,0.14597451594950756
2024-12-17,0.13920859155867593,0.17749603466683234,0.17035586431190827,0.16261362054829395,0.14575549120294198,0.14246562919591282,0.14598875360906988
2024-12-18,0.18161285734775898,0.13375199270779864,0.18082908504314085,0.16837325429020966,0.1508450811994353,0.14556052854650925,0.1478752684694688
2024-12-19,0.18126203006156819,0.13006758165387114,0.17818187753922976,0.16810634204599728,0.15087029110531555,0.14406748128034633,0.14787270270811775
2024-12-20,0.18607375012889488,0.13629058856909945,0.18065982731238828,0.16853455260767694,0.15127413570838644,0.1448533372381318,0.14820074414173132
2024-12-22,0.1684036638252961,0.13628914087179306,0.1804719482399458,0.167421629491202,0.15057362581736441,0.1448200905005353,0.14815530400304916
2024-12-23,0.15549659612171687,0.13554243500969324,0.1806055119540493,0.16753959559752896,0.15070701233677403,0.14491982219941904,0.14714818105916708
2024-12-24,0.14436404707804817,0.13553451230962604,0.1747539700051288,0.1674748021371876,0.15059177034753374,0.1431577898032964,0.14714810559269967
2024-12-25,0.13377230583562585,0.1355509874232023,0.17287449655834114,0.1672386196971669,0.15042056114638125,0.1425024339370829,0.14647723416062436
2024-12-26,0.13755299505039667,0.13722529059796756,0.172566861426781,0.16730899359957707,0.15057361255220686,0.14266973973716765,0.1464468907157336
2024-12-27,0.13869192417123435,0.13751899024302,0.17184528445730565,0.16676782705860776,0.14779706045397847,0.14098861270068042,0.14631123230456708
2024-12-29,0.13913322318661475,0.13594332397235317,0.16327059527669538,0.1653869669829489,0.14728950706754915,0.1409647841793021,0.14618825924189685
2024-12-30,0.07956227241798017,0.13785449550464574,0.11730311455155969,0.16580602237181144,0.14772886325827964,0.1413334017127994,0.14620787491954623
2024-12-31,0.08508031148632707,0.1398453970251246,0.11637144322731535,0.16651505496974484,0.14812171225946652,0.1389461178160585,0.14633165056082928
2025-01-01,0.06554644670247278,0.13634350295509035,0.1162335503340029,0.16524654717700024,0.14797211353186931,0.1387482538078771,0.1463345234837076
2025-01-02,0.09258244158917049,0.1362159456151721,0.1223710508974795,0.16666706277777282,0.14916660557898956,0.13959817891138004,0.1462646106407935
2025-01-03,0.09916065003999883,0.13294468282889907,0.12343580358462664,0.1668709997816961,0.14860313596795532,0.13997440291916885,0.14626328154888105
2025-01-05,0.09916051158152021,0.1236049347829422,0.12335893158217123,0.16649128243379602,0.1469519764018629,0.13711021453592226,0.1460882334941371
2025-01-06,0.10054884219942586,0.11606103969162315,0.12346751440812072,0.16637477854172003,0.1470089603419729,0.13716656284367665,0.1460809062445122
2025-01-07,0.10070487159454745,0.11784690665276519,0.12459959210138184,0.16670880357294768,0.14728884828807154,0.13736334213106727,0.1461621892781072
2025-01-08,0.09842023432688311,0.11915685763233912,0.12514214409825966,0.1653587972341183,0.1461277051573821,0.13743094594123642,0.14621104891168837
2025-01-09,0.09855963850194407,0.11929200721179976,0.12384729829864875,0.16525882304045555,0.146197976198909,0.13746643493579722,0.14619186999841483
2025-01-10,0.08952191113628159,0.08470917912260727,0.1252487795487792,0.16362351572027062,0.14633349916310714,0.13689756634909075,0.14485233342526832
2025-01-12,0.08775212255687985,0.0848126619615303,0.12510965913370606,0.16348015661048934,0.14603544490860498,0.13621558973465672,0.1444374131735024
2025-01-13,0.10344139460562474,0.08528981384952386,0.125795344220582,0.16432870506624253,0.14671077593037918,0.13684307224780687,0.14449270620674648
2025-01-14,0.08245107192106763,0.08550185678743097,0.1198670337717125,0.16444357648961125,0.14567513607847968,0.1368741244915939,0.1445022784830222
2025-01-15,0.07699604925393494,0.08688509232825116,0.11894802290631559,0.16504890537714503,0.14536345254012129,0.13715948776599587,0.1446453023446567
2025-01-16,0.08058047928638538,0.08918450065840883,0.11285364599366633,0.1535727128588893,0.14586309095834332,0.1370837459798063,0.1447751886218519
2025-01-17,0.08536451431534127,0.09208389095633514,0.10739187389757741,0.15036439573010277,0.14605847677298534,0.13717828407953217,0.14482093658175046
2025-01-19,0.08614823562562982,0.09166057343616552,0.10764790463036517,0.14938274607010843,0.14609359673991573,0.13683896186364713,0.14373203444992272
2025-01-20,0.08632634452499874,0.09011597094520549,0.10843038240067461,0.1497332719284189,0.1463103802422595,0.13698947268186726,0.14368659062036385
2025-01-21,0.10181890405984013,0.09786971225248103,0.11336583287304619,0.1436436547890601,0.14763128538600243,0.13796770352793958,0.1441639277425238
2025-01-22,0.09937373985909512,0.09221221216691014,0.0882187606419631,0.14217939658380946,0.14707140655840822,0.1380138827573382,0.14362933960373556
2025-01-23,0.10006244175784892,0.09160881448602674,0.08851217867311388,0.1401608311868523,0.14675022406082047,0.13802538205573214,0.14346042011831198
2025-01-24,0.0807058897047491,0.09194016784961402,0.08534337889101735,0.14037101598059842,0.14631782641519864,0.1377739060018586,0.14348991083873797
2025-01-26,0.08474250381620865,0.08444901888639342,0.08580156263785456,0.14031244172081367,0.14561116166911228,0.1371922793609088,0.142505002593106
2025-01-27,0.10136438822242513,0.08764207411004139,0.09021384720177945,0.141771122852019,0.1464629035657272,0.13792824403865447,0.14257782004872516
2025-01-28,0.10140240330236162,0.08951438854206954,0.09166638741886796,0.13907029201678411,0.14684724549245312,0.13818215891438718,0.14229582823160455
2025-01-29,0.09642015459914846,0.08869177660185043,0.09196780971335179,0.13819190712699317,0.1467327779934504,0.1380869713563511,0.14217353888760154
2025-01-30,0.10713586845985917,0.09583541130284166,0.09699523040162807,0.13995472637837847,0.14803273083546278,0.13912162328089642,0.1424288786420705
2025-01-31,0.10783893235611394,0.09574900818376766,0.09517826629559506,0.1395057261976884,0.14758154997620646,0.13681177783406365,0.1414248809930414
2025-02-02,0.09654149287563117,0.0969103646391399,0.09582481320312279,0.13520889117714865,0.14673633920243542,0.13649511322735594,0.14067664326048515
2025-02-03,0.10023539863992567,0.09718732238475078,0.09336300033592908,0.1071369685978015,0.14721755658639632,0.13684648494607363,0.14059809203292353
2025-02-04,0.10615312954518201,0.10060031712966161,0.09499081670942162,0.10759161374442272,0.14805633601941728,0.1374764221312245,0.14074420577752597
2025-02-05,0.11040394206984744,0.09415947671251691,0.09670866779461865,0.10895454866573041,0.14812665383504484,0.13790927927711755,0.14102860229617514
2025-02-06,0.11399821946476899,0.09777191935386113,0.09376312354771882,0.1094711243869226,0.14739533413569778,0.1377429624348697,0.14093123273519367
2025-02-07,0.09334105667918476,0.09691283305446093,0.08968206000694033,0.10929624234625783,0.14724098709591177,0.13697159374424522,0.14086102354012978
2025-02-09,0.09189760010553619,0.09552661406707204,0.08940822135859136,0.10915477561728851,0.1470919435834943,0.1357827333933226,0.14082937506061113
2025-02-10,0.11022725363621741,0.10458882576114797,0.09761270409509812,0.11384150444492466,0.14958581203747395,0.1379138840859657,0.1417993976239893
2025-02-11,0.1170856631319543,0.10922834983588108,0.10158206193866383,0.11508226322451282,0.1500370911739429,0.13834244283282604,0.14009051099947922
2025-02-12,0.11601925840987787,0.10913741481977637,0.10142097870760448,0.11507097486555516,0.14904063989611901,0.13739126330182977,0.13999934647175116
2025-02-13,0.1137147384125102,0.10570447811800879,0.1027387679207552,0.11479367931263337,0.14955562004850612,0.13784714738122067,0.1401500033902046
2025-02-14,0.15545083949716476,0.1273302202848468,0.11700065429708949,0.12084857852400469,0.15037175587791632,0.1399710435015624,0.14115874941783682
2025-02-16,0.1503643950770147,0.12750094421127287,0.11729812201142173,0.12092875469442732,0.15021659033728915,0.13970652404105866,0.14115467766529388
2025-02-17,0.14662402626760643,0.127844169343356,0.1134259633030304,0.12067429245723878,0.15058436905242245,0.1399802313339307,0.14127467884956557
2025-02-18,0.15302008611262627,0.13142130101584235,0.11643621075703359,0.12017329632811116,0.15173135609450078,0.13993134693123602,0.14168681107434586
2025-02-19,0.15312571178850223,0.1241218509634062,0.1159265469411796,0.11916428711518312,0.15167044422953288,0.13938435722851567,0.14039875814440156
2025-02-20,0.1531638682378235,0.12330912300892462,0.11515844415379034,0.11446243774742225,0.1423726105016334,0.13938679501506665,0.13991297505990494
2025-02-21,0.12936921370570198,0.12371459059687132,0.11386743127446312,0.11099849748607114,0.14019771216002255,0.13939127085723382,0.13970553386023524
2025-02-23,0.12298893948438894,0.11835189821127054,0.11322540790770395,0.11103839726800102,0.1392931141708498,0.13936983589159596,0.1396954415828853
2025-02-24,0.124000787036078,0.11836228637762153,0.11315191177583275,0.11114487424402511,0.13942302454524227,0.1394508318123064,0.13967186983221588
2025-02-25,0.1308538619577405,0.1267833869900493,0.11591336905636704,0.11387535964688673,0.1347307832269709,0.1403627887156596,0.13957684488236852
2025-02-26,0.09407941163642418,0.12539834381583292,0.11586095733340092,0.10210328506395167,0.1335153901060579,0.13978055322576183,0.13947160597502772
2025-02-27,0.12455956810033518,0.1349024241365854,0.12562948423908085,0.10783563907222185,0.1347994084017177,0.14137231159464847,0.1403212270941217
2025-02-28,0.121757231600505,0.13276223375786678,0.12693497649853552,0.10743817757137991,0.13533699102801997,0.14123715497043396,0.13966492076698026
2025-03-02,0.10376893907138865,0.1331203853515068,0.12715058421143977,0.10763144017472683,0.13534972869264267,0.1408035958735617,0.13963265735763108
2025-03-03,0.11317052136839112,0.13527761999837112,0.12440041318605889,0.10774427407704541,0.13562072822880375,0.14109668902638847,0.13976944302464162
2025-03-04,0.12235350624599974,0.13780475326185795,0.12470411938794641,0.10850811047518347,0.1338992539584827,0.14142092626647565,0.13958435276809028
2025-03-05,0.12268762306611106,0.12310754091964078,0.12444425294223743,0.10848893435934143,0.13331159272840154,0.1413371951701924,0.13942839830228534
2025-03-06,0.12301199096117449,0.12105289845963346,0.12050632199555397,0.10858877557444682,0.1331470627022518,0.14128473074644696,0.13873407647611
2025-03-07,0.11912857403296814,0.12077535332783584,0.12066856181181218,0.107984754245127,0.1328916688701271,0.14097263701927212,0.1385919843874259
2025-03-09,0.10875543362295956,0.11714012959611121,0.12042423128314242,0.10801432059461422,0.12999539567936258,0.1403603513818227,0.1378746264533864
2025-03-10,0.12166101130580713,0.10776298404816596,0.12423994259579317,0.1098171963736692,0.11246654802131159,0.1413553669268357,0.1383603803138188
2025-03-11,0.10789790072878006,0.11404971490925196,0.12477363080160732,0.11087333771461161,0.11294516590813104,0.14211008115067106,0.13870882364013445
2025-03-12,0.10207381317298127,0.11468690233342804,0.12368709137480127,0.11145662247869632,0.1134715438654746,0.14192517904221608,0.13885749838661346
2025-03-13,0.12288519601952831,0.12144071008127678,0.13078075190793606,0.11307543302756737,0.11626916252391169,0.1430274662633302,0.13866127528138938
2025-03-14,0.12351180863498512,0.1215456225404207,0.13090141990143786,0.11169661178714423,0.11620529848070497,0.14293438568062,0.1368539589737436
2025-03-16,0.12051157846124909,0.12152959128236732,0.13086681557710084,0.11164062469649647,0.1160997573644192,0.14281268480072082,0.13685545249694278
2025-03-17,0.12032141850857923,0.12140184317172584,0.12191379572686277,0.11128047238319895,0.11603781373299382,0.14268514169753796,0.13687231826543736
2025-03-18,0.12194308581708187,0.1259560756996356,0.12285653183881157,0.11240055696823288,0.11703827094385892,0.14336055454775382,0.13710088825151695
2025-03-19,0.11885260107820605,0.12651250413153858,0.12353067909697307,0.11253888545648698,0.11726300671607034,0.14279227332896585,0.13717541461911634
2025-03-20,0.12239858578306388,0.11835502916018739,0.12196919913005448,0.11274846245783787,0.11660556406697305,0.14275301443468222,0.1368173101058627
2025-03-21,0.11137878178212315,0.12328961301914484,0.11277599527109096,0.11407648334562993,0.1175845416187255,0.1416467938829901,0.13708985064083604
2025-03-23,0.10772871271311432,0.10664878149361627,0.11256295861016145,0.11408342431955829,0.11757994522878211,0.14148918058806567,0.13681200387345216
2025-03-24,0.11326592320163183,0.104981087251533,0.11304229120098672,0.11293200195697088,0.11755583453992284,0.14174301546158405,0.136941507213657
2025-03-25,0.08353170849264557,0.1047778652848558,0.10877458751866223,0.11297748868753586,0.11593001360437916,0.14178771236232626,0.13662815551623067
2025-03-26,0.08319647078538381,0.10374456675737176,0.10879325762669273,0.11247952817407228,0.11521974141888801,0.14174384850894256,0.13624046644012847
2025-03-27,0.09740182652193373,0.10669225202404896,0.11280920730625003,0.1135696510826421,0.11329688427424549,0.13513928722847865,0.13624275162936447
2025-03-28,0.10438913219066967,0.10963385142877943,0.11494222679988784,0.11377890330337126,0.11168176052862483,0.13396660314012251,0.13627084823999305
2025-03-30,0.09491647324303087,0.10786799864047157,0.11486914805481278,0.11345206298159093,0.11168249143393524,0.1332278934298195,0.13120732700761195
2025-03-31,0.10171857149184653,0.1095934130176714,0.1171288829354678,0.11443084641091285,0.11251670389925979,0.133844745506838,0.1315034764126045
2025-04-01,0.10229182648092952,0.11116545164942876,0.11146871056451815,0.11274933082400454,0.11252691017154992,0.12903889904593588,0.13148185434527823
2025-04-02,0.10433108966520338,0.10504730226695878,0.11736702164532596,0.11577488315996862,0.10688333178444834,0.12953429624672155,0.1322083520933763
2025-04-03,0.14574147429867398,0.12491647374825163,0.11853486567958074,0.12147027953844855,0.11105982064101201,0.13079153832952306,0.13329618255958947
2025-04-04,0.20123309728854538,0.15945132306498533,0.14130873965518956,0.1334086268202029,0.11907065002949586,0.13637090297351234,0.13559027883709435
2025-04-06,0.20947196994752398,0.15592054605899477,0.14633482064470438,0.1359271711963686,0.1210669768029946,0.13755643363678324,0.13564208299175418
2025-04-07,0.21142224959837141,0.15776165951594123,0.1471561096148268,0.13522123366446745,0.12155380592237258,0.137974607476994,0.135827410430574
2025-04-08,0.19963600492310407,0.15762564910116902,0.14567794047991395,0.13470521898574908,0.12159298893705528,0.13635276697243132,0.13576776981652044
2025-04-09,0.271906967954199,0.2017358264728597,0.17680863581576123,0.15158388497600592,0.1341228294593625,0.14469076282568732,0.14001712661381688
2025-04-10,0.31852506416628884,0.22899638399377875,0.1977689698651164,0.16295042399653423,0.14377036553989528,0.15160969126594911,0.14358989326566768
2025-04-11,0.32267957719635604,0.23314360194286063,0.20046052998721636,0.1650790203597395,0.14498635971588267,0.1527535035264756,0.14375665672280927
2025-04-13,0.3242139892287186,0.23418941990489478,0.20179040572651522,0.16545029376582399,0.14541112327778075,0.15123521254636993,0.14259435619145103
2025-04-14,0.3189697339377826,0.232202604543023,0.19833431673191568,0.16555914569146005,0.14497299590391172,0.13906608604892173,0.14267244675408794
2025-04-15,0.306744192046662,0.23403925683545684,0.19871805024601544,0.16599404051629646,0.1456557896116595,0.13950020469848703,0.14301186430711732
2025-04-16,0.2819279826930185,0.2494527006877168,0.21271374839575002,0.17487506844280862,0.15273926006269203,0.1453818698441838,0.14573209238696033
2025-04-17,0.27963799708093495,0.25561622687961527,0.21373278998904524,0.17641199046571637,0.1532832090083083,0.14647357480329415,0.1458098290543597
2025-04-22,0.26549742177697155,0.2551061081162743,0.21352346229617736,0.17654492515925244,0.15258889021145705,0.1465678334612867,0.14545537703109163
2025-04-23,0.2735030539832454,0.25682940074550864,0.21534247600696452,0.17742922625645713,0.15323225663277787,0.14693564889760527,0.14563510076528097
2025-04-24,0.23687511359011862,0.25691644627114424,0.21615661769911906,0.17537158874175998,0.15350053556972656,0.14730917903245513,0.1458690553943823
2025-04-25,0.20553918995905224,0.26098343528479473,0.21814853133832857,0.17594784969224186,0.1546460282872867,0.14814801601600483,0.14623218688009432
2025-04-27,0.19579451195908204,0.25986679672597407,0.21797089761712102,0.1759717247760159,0.15460546861545688,0.14816482873664616,0.14623263003119555
2025-04-28,0.1917875347429684,0.2592576273489604,0.2176499071599169,0.175480778423582,0.15460671239496754,0.14768263090911402,0.1458226792040863
2025-04-29,0.19499949392806692,0.2576453486837955,0.21708982641541963,0.17192919545867832,0.15510084094001989,0.1481218586064543,0.14600227346107164
2025-04-30,0.204707598431293,0.25555128252926823,0.22223042909575727,0.17482585625922434,0.15730768550193433,0.14977842320391252,0.1461348357517542
2025-05-01,0.12987094844793448,0.23940549249107965,0.22460654145097564,0.17654163330455994,0.15780605467655381,0.15060866657847743,0.1465941013472369
2025-05-02,0.12528924025457253,0.23324906841176044,0.2246092063551187,0.17530703357535565,0.15781501204536952,0.14967021915144213,0.14614892283481937
2025-05-04,0.11901458721644137,0.23012918248861539,0.22451270137128557,0.17529292286628512,0.157561977510908,0.14928524561467094,0.14615167373855104
2025-05-05,0.1855177998000076,0.24201657760956485,0.2337035339511061,0.18240719575711803,0.16247140144790542,0.15169423620500774,0.14826947834310317
2025-05-06,0.2046784838277973,0.22214982940966488,0.2379685348412161,0.18571524873390272,0.164604561921189,0.15245483563704726,0.1484540316740772
2025-05-07,0.2026279202084462,0.19952410136719934,0.23995135888720606,0.18678143106828257,0.16528790515571068,0.15308308111725683,0.14867856896074977
2025-05-08,0.22554436638208644,0.20737014456811376,0.24670937185674682,0.1914714500664711,0.16887865038437744,0.1558939995685834,0.14996635238398837
2025-05-09,0.22605468213423993,0.20644455412541993,0.2464832575317938,0.18965619810642204,0.16799927168100226,0.15582662098717193,0.14991464013872313
2025-05-11,0.23122493574002226,0.21085126337965515,0.24640086496571137,0.1916633667592598,0.16948888673792853,0.15291132953242925,0.14941304602159447
2025-05-12,0.23442651156639752,0.21469289860759988,0.24616861921673486,0.1918506347988779,0.17192501772067798,0.1549770642321909,0.15027531875023176
2025-05-13,0.22968624726871242,0.18439909919099942,0.23312544385572662,0.19113894936344605,0.17188368882102226,0.15450260172363478,0.1501361699190889
2025-05-14,0.25424124427661926,0.19512650504732273,0.23978636848605178,0.19698809268130402,0.17608837755758613,0.15807061477139986,0.15055068966567256
2025-05-15,0.2691998610809573,0.20347589697134194,0.24170510054791527,0.19887133829604095,0.17681047349633194,0.15927139063015588,0.1512480520634092
2025-05-16,0.22803581726807245,0.2058219546909329,0.2449140143800943,0.20023040220542254,0.17789841707936604,0.16037044524943073,0.15155806397532467
2025-05-18,0.20489069685862044,0.2062827940075102,0.2257843294251003,0.2010684013258246,0.1784603043892843,0.16087375443941385,0.15179078006957558
2025-05-19,0.20446350591786855,0.20467509231892664,0.20561956129083453,0.2011876182692073,0.17768569946287782,0.16097960364722128,0.151783942912034
2025-05-20,0.22441072716635224,0.2189823155733419,0.20976559368887274,0.20488982532142913,0.1805781135236364,0.163101293819553,0.1522360738244462
2025-05-21,0.2290337716566151,0.2214904291727392,0.21062752319784253,0.2053748729969625,0.18087489657336392,0.1634225414331809,0.15221190697194217
2025-05-22,0.22323527378185207,0.22145798134861092,0.21124958064795502,0.204294167165064,0.1811354932398231,0.16337502707799725,0.15236966337874552
2025-05-23,0.21802217316448666,0.22367773482603814,0.2140184998130245,0.20578077173097775,0.18240083197331697,0.16465726972436537,0.1529683706374017
2025-05-25,0.22096193866436747,0.2200562827501493,0.19599338355919022,0.20588149318200952,0.18217787268483432,0.16486078684064118,0.15269375579546188
2025-05-26,0.1773412727414236,0.22005468479295548,0.19355578183939492,0.20374572800513066,0.18194237986276626,0.16407670915361378,0.1520801890703806
2025-05-27,0.18222324567266784,0.22466963470684795,0.19550061623758286,0.20545440239424143,0.18322489945559023,0.1646840116362591,0.15258438315601386
2025-05-28,0.19048219970457778,0.21007450697494703,0.19939855085811042,0.2082502969767946,0.18528421159804098,0.16645237633042034,0.15340534757593388
2025-05-29,0.2009199728034602,0.2066095881868692,0.20352686209481805,0.21060448260692097,0.18514270912500078,0.1677676709510839,0.15419637049715554
2025-05-30,0.20541042958216682,0.20676005420810503,0.20312910519960847,0.21065454992784882,0.18530145594862982,0.1682702831431785,0.15362281650584358
2025-06-01,0.17953661866565285,0.1980829208520583,0.20373417809219557,0.2106871406848203,0.18547844458783733,0.16834080313093533,0.1533854481737531
2025-06-02,0.20914677046409916,0.21417563380666244,0.21451179032893633,0.21521857691800872,0.18859006524272065,0.1711122683839267,0.15490776363704112
2025-06-03,0.21154282772561184,0.21198147780874868,0.21509943671642984,0.21531379399357486,0.1867587572721689,0.17157993275426095,0.15444492500841187
2025-06-04,0.195847228620359,0.2031497788853932,0.21143381509152237,0.21542036413185164,0.1867999130811775,0.17164388967206298,0.15449243106203844
2025-06-05,0.19639696204170412,0.20418345335428198,0.20918375050981453,0.2153899684824724,0.1869187981832082,0.1712498403253505,0.1545926787177991
2025-06-06,0.21235356067468364,0.19659568587547516,0.21480574736502497,0.21828718083435913,0.18830828933649185,0.1731157764124844,0.154440065872005
2025-06-08,0.20512240634333673,0.18947439220626425,0.21483245551371585,0.21827800632963673,0.18831377960085133,0.17292387937141487,0.1543369253884512
2025-06-09,0.18691268139576153,0.1836804758795682,0.2008330425387337,0.2173525140818506,0.18832315972607913,0.17273366167721693,0.1541772604688765
2025-06-10,0.16766080837897226,0.1808995746046618,0.19195832501980478,0.21668728806295437,0.18825547740075266,0.17249621403072934,0.15416535041772692
2025-06-11,0.16877495418215546,0.182982840352782,0.19387293052323482,0.21764607282363446,0.18896013919425222,0.17295166265698017,0.1533536016659213
2025-06-12,0.17109418560003317,0.17141975975049872,0.18756893544927433,0.21748455975769526,0.1893101907984928,0.17320296515804204,0.15354836281247086
2025-06-13,0.13828609477808815,0.17264876571095067,0.1897308642464733,0.21825025262532738,0.18879389827474227,0.1730163162161328,0.15383940547033895
2025-06-15,0.1282994535916354,0.17030179096226317,0.18604801957091044,0.21646593511705733,0.1888030991404272,0.17300915429002614,0.15382360424982036
2025-06-16,0.13784563169871325,0.16483297961692078,0.18179260326161553,0.21456691587678128,0.18754617905725152,0.17366959383331546,0.1541454930524188
2025-06-17,0.1376624248964313,0.16507525513435795,0.18231722890567104,0.20763856131780983,0.187321854878129,0.17379882807918998,0.1538349750404028
2025-06-18,0.10781337166087294,0.1657735845731117,0.17008758100639645,0.2061105801933932,0.1874905429985831,0.17391480073687823,0.15365984278640218
2025-06-19,0.10938422702346066,0.16030387831132284,0.1650409895962445,0.2055081765775723,0.1873811201347506,0.17329593706928945,0.15368946686842505
2025-06-20,0.10956173022406736,0.1492634279979625,0.16080975886931692,0.2054898607771956,0.18709642900524268,0.17312275711213002,0.15369220388542018
2025-06-22,0.10947201263138398,0.13804535408998556,0.1586180114136465,0.19345753633872437,0.18709580246129204,0.17308056836035968,0.15367136104761167
2025-06-23,0.10473686864455135,0.13874601471993728,0.16060505596681163,0.18305943566769833,0.1877488125562188,0.1729284922138539,0.15377681336848764
2025-06-24,0.0923931454155205,0.13915534472723923,0.15066394710276654,0.18107379384650427,0.1881326848310256,0.17326733405378372,0.15390482901039118
2025-06-25,0.06981592631039638,0.11176987574017949,0.1489622215648803,0.180977309096735,0.1881803177657353,0.17325919421582794,0.1537508271376645
2025-06-26,0.07021563412857998,0.11042164477652375,0.14906900846000215,0.18135602044378546,0.18748102748694614,0.1734202497974534,0.1539352509962758
2025-06-27,0.08244723305274977,0.11674523538171822,0.1453178241725636,0.18199419135096834,0.1884740159391539,0.17426999589249542,0.15456710213733565
2025-06-29,0.0823932155026027,0.11629876755849068,0.14518039154300544,0.17109952540369344,0.18830778777430612,0.17394047963854237,0.1546084039119923
2025-06-30,0.12471624031567959,0.11764340257980664,0.1521084651693277,0.17266677872879405,0.18799231254775145,0.17494104472064456,0.15522730011548946
2025-07-01,0.13387498354274255,0.12058582874320473,0.1502819747594871,0.17293913848376413,0.18829916419378387,0.17520045299156067,0.15519243890150494
2025-07-02,0.13550007767340774,0.120769899112628,0.14340406176734546,0.17259399971837122,0.18832719548586957,0.1752149821720915,0.15492777766414403
2025-07-03,0.13694542960938844,0.12255994182531223,0.13627736091690773,0.17176799379535695,0.18863858181419038,0.1738920895023785,0.15506849426396116
2025-07-04,0.13107304907573486,0.11551839154357156,0.13419866195814048,0.17079576256125037,0.1879625216996097,0.17352369969781295,0.15504322314548744
2025-07-06,0.12786124454871084,0.11011119300016275,0.13327045413032743,0.17070899758111685,0.18786589069756623,0.17359316168173905,0.15504409546990114
2025-07-07,0.12606493335368407,0.10149331997240091,0.11461556215474661,0.1707065326655383,0.18783904598385842,0.17325631581997594,0.15500057506959466
2025-07-08,0.13165492329907508,0.10548055816830564,0.11562608832335654,0.17139976159002165,0.18814416601335507,0.17202204348943978,0.15443194061644547
2025-07-09,0.1119364284294811,0.10464199772701581,0.11534589484692659,0.16937426983321102,0.18824185961018122,0.17206885947241837,0.15433497223348064
2025-07-10,0.10904645754295313,0.1044066109578813,0.11485187740340239,0.16781738590240078,0.18796823894162332,0.17187182553173522,0.15433671456336726
2025-07-11,0.09313649320092049,0.1101878213505499,0.10886324827877925,0.16884501345015887,0.18844957388243225,0.1715969191113679,0.15456982116183735
2025-07-13,0.08724930531416217,0.11094706175333052,0.10913132624652026,0.16894431684697872,0.1884927698026803,0.17163848668924986,0.15451859914318714
2025-07-14,0.0941692762454601,0.11361867084927191,0.11099533506482946,0.16088823367553778,0.1881976702071617,0.17202925646458753,0.1545748233069025
2025-07-15,0.09225276078570387,0.1141262092663078,0.1117254217472794,0.15583208079401367,0.18782762115787982,0.17215024982647562,0.15434927955124964
2025-07-16,0.09477931332509588,0.11140676203813056,0.10752255048625593,0.15542823669382178,0.18792878739309266,0.17222111253316075,0.15389857866343465
2025-07-17,0.09424796239410929,0.10934180979646223,0.10396895788143007,0.15075117725150322,0.18733787029456517,0.17219364588461616,0.15392083276235521
2025-07-18,0.09481242969466819,0.10867102041048987,0.09874811814890037,0.15071559753215458,0.18732516013747938,0.17135146348970245,0.15393168405366697
2025-07-20,0.07637239215620427,0.1058504201826123,0.09873298838206196,0.14878538492684273,0.1857736716847905,0.17136041713706704,0.153533212661348
2025-07-21,0.09903426872722997,0.10319762628005855,0.10477111744989206,0.1477555253142753,0.18501971105636655,0.17075937186166792,0.15409200577008764
2025-07-22,0.10458239045335639,0.10448130476995264,0.1071238796265312,0.14844159182170474,0.18010071900816257,0.17072257201633648,0.154228364980806
2025-07-23,0.11902842510096774,0.10404260214295721,0.11158501869382602,0.1433193151923866,0.180011141535439,0.17162202939043616,0.1545616499844375
2025-07-24,0.12286347683847076,0.10394888454347856,0.11291392673063871,0.1405914117657175,0.17995661795707873,0.17176411269699146,0.15471851747997048
2025-07-25,0.12810411846030306,0.10943113448701508,0.11640909480596573,0.14008995454208845,0.1808851948835043,0.172209199304013,0.15466147365702465
2025-07-27,0.12630067559955316,0.10764643247230404,0.11624642232271726,0.1386160043390801,0.1715034781018232,0.17223497011719577,0.15444105001257352
2025-07-28,0.12733343376026848,0.10976621115459675,0.1150071042010864,0.13904807452126441,0.16307772847713578,0.1724869898692315,0.1546081417239426
2025-07-29,0.13021603326188544,0.11079681255952643,0.11453131616096218,0.132706104555536,0.16130394330790282,0.17253486424471431,0.15463072777308684
2025-07-30,0.14256440739263782,0.11946375765650659,0.1196005092868446,0.13405973936068133,0.16262009732835936,0.17369473877193603,0.15523130553729067
2025-07-31,0.1431165872501577,0.11470391938590921,0.11833416052966288,0.1334904672865218,0.16249719035579765,0.17281014035148862,0.15522048698015165
2025-08-01,0.17134288776897136,0.13894093586433823,0.12869352159178654,0.1367810259159926,0.16549194844604445,0.17495968387974578,0.15663491171450672
2025-08-03,0.1620361295796241,0.1388989006971767,0.12815482800821792,0.13652123842637937,0.15771460261746115,0.17471190384032492,0.15638476596308848
2025-08-04,0.1564531316600179,0.13577846184998613,0.12175954234318662,0.13682841730912593,0.15690729638466927,0.17336803855509936,0.15630102189984116
2025-08-05,0.15336432372985523,0.13528244479885215,0.11991260040086549,0.13479650765903378,0.15659733845625978,0.17335578635917276,0.15608542095202413
2025-08-06,0.14508591860274436,0.133597246698972,0.12024937568233326,0.13132387748535915,0.1563947605595163,0.17349994067200086,0.15594059546645303
2025-08-07,0.14952833136373517,0.13558637892473374,0.12142809798851263,0.12803898657614737,0.15619753661526187,0.1738324296652232,0.15612997883218035
2025-08-08,0.14328585529054713,0.13505102885119502,0.12144949379690433,0.12689792683986276,0.15543298338691192,0.17328545091645428,0.15609894355424045
2025-08-10,0.14425367428471209,0.13503043440422893,0.12129208059412784,0.12638967088257458,0.15535734934035822,0.1731667659568178,0.15608967662214285
2025-08-11,0.14359173477743195,0.14280032106468363,0.12713384192751764,0.12012545016112855,0.1567994209652704,0.17424862967708926,0.15662453835972773
2025-08-12,0.14372153549931826,0.1428034051217836,0.12361868840970985,0.11897320183380539,0.15643591862498596,0.17381072478911788,0.15649216194182972
2025-08-13,0.09051163791294393,0.1336299573645759,0.12335065347457637,0.11869536909863738,0.15484911179720753,0.17385522826123376,0.15624958184478974
2025-08-14,0.09946221883861948,0.1311898235250549,0.12576892274542173,0.1194742010866686,0.15436875482901463,0.17414376230105977,0.15651002938267028
2025-08-15,0.09482985287554538,0.1261375211535455,0.12256370611969122,0.11505615590281791,0.15436822112900686,0.17410385024905584,0.1565062474236583
2025-08-17,0.09326154050905275,0.12471090505117687,0.12206764262988651,0.11502617558340843,0.15438615383140247,0.17415078777286977,0.1563016567535931
2025-08-18,0.09335916836947199,0.12005723094656233,0.12057354072343317,0.11492669112387405,0.1479831037904808,0.17347912363258525,0.15597952166124668
2025-08-19,0.07651204104481373,0.12132641174587333,0.12084210485757511,0.11539405131522537,0.14442327075048456,0.17318689221654143,0.15604373856027196
2025-08-20,0.09865775841529062,0.12415588528264834,0.12355743408351076,0.11484263712795867,0.14488103912180406,0.17369864982462133,0.15625172362395318
2025-08-21,0.09879768857793327,0.12364251895447971,0.12367201425205972,0.11335324950512755,0.14159984848722618,0.17321619337084818,0.15621035442812536
2025-08-22,0.09151562092192282,0.11767322065155675,0.1264224662027471,0.11275998304390104,0.1423604418803577,0.17365760931445856,0.15643226727424384
2025-08-24,0.09161933151205111,0.11779515164962717,0.12642063658356947,0.11275868587143122,0.14100902257403652,0.17238130365541862,0.15609974984290048
2025-08-25,0.09276087925446137,0.08921998780447897,0.1198922396480374,0.11166282072265643,0.13870875914151715,0.17086861086550503,0.15615056362184165
2025-08-26,0.09572026014177236,0.0970804461009145,0.12103820759748143,0.11348218565164772,0.1395212470069855,0.16723882872707757,0.1557561132530923
2025-08-27,0.09507981846406455,0.09588337378526803,0.11680779369893374,0.11325669844670784,0.13459922249352665,0.16625445335739053,0.15568826467915806
2025-08-28,0.09403137060608913,0.0975868782274779,0.11635698790717865,0.11372555795415425,0.1323543654816895,0.16601131611940767,0.15575907233396083
2025-08-29,0.09982471088892,0.10131254647882361,0.11514603514446042,0.11533351469321372,0.13167806332487475,0.16644318954202544,0.15599620697017044
2025-08-31,0.09053901548886611,0.097282173409421,0.11503296186758011,0.11529737031020583,0.13065660468854504,0.15882803190663866,0.15597990549785024
2025-09-01,0.08926329398762561,0.10151064751338139,0.1150103936103713,0.11509696162185715,0.13117006031760925,0.15226184479637866,0.15304014538606875
2025-09-02,0.09564839833524674,0.11119387573479757,0.12066124351641411,0.11765395982005963,0.128832137360799,0.1521165425959295,0.15289947160839218
2025-09-03,0.09477501258652501,0.09898876529343337,0.11354732053115563,0.11846330681910215,0.12875309326207193,0.15235334174034607,0.15277940500501344
2025-09-04,0.09849451922258885,0.10033528665139811,0.11432787397022043,0.11762308764069032,0.1283145696981694,0.15228088684111174,0.15281451643413915
2025-09-05,0.08426790622377123,0.10288987591434559,0.10036829220480385,0.11486285889524338,0.12624795272831527,0.1519465470684086,0.15106037287314697
2025-09-07,0.08466047399730348,0.09402146391349482,0.10015482458596045,0.11444189842560208,0.12599630395896003,0.14584335698315623,0.15067288157269657
2025-09-08,0.08644785065356722,0.09726108849635841,0.10400968926455442,0.11319043989312655,0.12741403037844468,0.1459082632352028,0.15058852695586106
2025-09-09,0.09374055209079904,0.0960019680796687,0.1043260239130409,0.11249621721414135,0.1257743869738472,0.14569646319875842,0.15056275585415355
2025-09-10,0.09279106651537834,0.09537446140105038,0.1026297819427289,0.11248785840760382,0.12289792411859723,0.145399332423843,0.15053369084857177
2025-09-11,0.1004084094759642,0.09360107285833259,0.10247457624084047,0.11205060830933439,0.12028545667250076,0.14492185204880323,0.15059699878706176
2025-09-12,0.09846241507650196,0.0916503957317065,0.10212111690313397,0.11209281100158884,0.1193856404610231,0.14426538847894732,0.1499098700437607
2025-09-14,0.0848466195756011,0.09044331254465142,0.10195514151690373,0.11192521554858928,0.11911574814275003,0.14422952270203812,0.1497512140620639
2025-09-15,0.08907041672144274,0.0914130325100881,0.09425253334706399,0.11346933510161211,0.1143588296759381,0.1449247333976251,0.1499485151441282
2025-09-16,0.08391073611834599,0.08977360998379162,0.09400330735742264,0.1111162347038945,0.11348978051419584,0.14466119426362575,0.14990456906439995
2025-09-17,0.09331456693728363,0.09356410961237902,0.09842653281628766,0.11237407913705978,0.11401790508398194,0.14358941456915564,0.1492446330344612
2025-09-18,0.10652727290146534,0.10022753192130866,0.09814201526547574,0.11407226475973975,0.11457545332675038,0.14313732529354356,0.14381554380408643
2025-09-19,0.10660606214445945,0.10437083342511445,0.10116464808966288,0.11498397583712675,0.11267174446774586,0.1440507725199624,0.14405002405873338
2025-09-21,0.10630291768717574,0.10499989359592815,0.10027245646235627,0.11491066678857607,0.11265493639873299,0.1440448372785775,0.14405219440772757
2025-09-22,0.13083733413210158,0.11269071815656094,0.10697438752546898,0.11761272113795398,0.11554256454627024,0.14109259143536487,0.1448538533654187
2025-09-23,0.12590868551783754,0.11162276687036268,0.10352794595214196,0.11701221327189665,0.11563314091649574,0.13852009257063178,0.1448523540170632
2025-09-24,0.1340337399465371,0.11546631800122922,0.1058810144647588,0.11790819286302726,0.11498943178636459,0.13829990011295668,0.14498680935961125
2025-09-25,0.13293248019477213,0.10854328214284722,0.10468539442415109,0.11769938563496364,0.11422315190389835,0.13540684963902863,0.1449602372191954
2025-09-26,0.12614916830628,0.10659461096146249,0.10333692142730821,0.11775442538456718,0.11311145264776398,0.13543090760471377,0.14497818131813187
2025-09-28,0.12539188850878008,0.10506141651911592,0.10280509774723395,0.11766250994623546,0.11310888672185856,0.13420889096839528,0.1449719894463522
2025-09-29,0.1363430820255653,0.11496293406680246,0.10726292031670989,0.11928279991422741,0.11512177506901045,0.13405793018861398,0.14564365955343034
2025-09-30,0.11837479494698323,0.11576987920960982,0.10611279981207052,0.11896282798284263,0.11517323712182274,0.13424580544335604,0.14576295611973938
2025-10-01,0.11598158698161566,0.11185787286513262,0.10647241888034634,0.11590009519337265,0.11486784074196178,0.13010267632625735,0.14576438229232294
2025-10-02,0.11672188974972028,0.11179325426826768,0.10720356234372465,0.11473162695730785,0.11476553649363941,0.1284151403745256,0.14562666416183256
2025-10-03,0.09695244731471278,0.11227994145643161,0.10609213621157922,0.11219101809934612,0.11496295247948654,0.1272281478806472,0.14522756104280723
2025-10-05,0.09772051238269062,0.10970828800088328,0.10557929085128187,0.11218509485506246,0.11520781510821677,0.12673145387699356,0.14510930125516067
2025-10-06,0.09787457952305695,0.1170738481261454,0.10951497456886586,0.11350787341761985,0.11610245595789874,0.12801826137788358,0.1448634388501127
2025-10-07,0.09308059297760117,0.11540718177578418,0.10544560133634451,0.11365887905199479,0.11554240728781984,0.1251164313548243,0.1442664709636634
2025-10-08,0.09278584047720843,0.11326656028076673,0.10460676533891439,0.10873697837657116,0.11553368796410012,0.12471405379666797,0.14429163443152906
2025-10-09,0.10920352336536057,0.11854648182252465,0.1067364717032841,0.11014277781149177,0.115347516882476,0.1246303526063313,0.1444611600048722
2025-10-10,0.08848999731602217,0.11189517904255089,0.10579481476355562,0.10306661502283469,0.11261267175493515,0.12283260523409076,0.14450937898016217
2025-10-12,0.08683510291710052,0.10184369109180094,0.10559991791796965,0.10292281993764764,0.11230436202980319,0.12265556078736925,0.14246970520884075
2025-10-13,0.12272297902843361,0.11722172772986414,0.11666471139036166,0.1105077700098314,0.1154874422366487,0.12642288965272544,0.1440022816514234
2025-10-14,0.11666512694038583,0.11583196696393838,0.11634554955939871,0.11089839246273751,0.11553432275748042,0.12533113176629496,0.14385557786337924
2025-10-15,0.11792023131199328,0.1109799526827162,0.117947062016538,0.1110045411704779,0.11649705049356444,0.12365220010738996,0.14416917412769817
2025-10-16,0.1840180212152465,0.15505544495637405,0.146720766635475,0.12936579646749297,0.12878108467629865,0.13159450346365859,0.14815905582961725
2025-10-17,0.2634344026284148,0.1935588795598034,0.17571289024236875,0.14424343313408586,0.13838401935468095,0.13763625978811783,0.15102171838503745
2025-10-19,0.2674841912484463,0.19497256730790663,0.17612626534980355,0.14436257585120676,0.13837269969535032,0.1376512103338511,0.15107890459702247
2025-10-20,0.28996300547358994,0.21006516129271063,0.18818136895232185,0.14898170979399875,0.14492965471802752,0.13962549800476043,0.1533523148198978
2025-10-21,0.46162266223587284,0.3275159599994447,0.27465982194951144,0.20353074328546955,0.18138677153276284,0.16817390991252493,0.166569836427785
2025-10-22,0.4613808487603525,0.32419007621877444,0.27332026518732105,0.2037438189793552,0.18144579773335912,0.16813904368916358,0.16659553877383765
2025-10-23,0.4623411232826549,0.32428497354442953,0.2714155660760619,0.2025804328323804,0.18171283405074726,0.16815175771748675,0.1665073510791649
2025-10-24,0.4479846415839889,0.32474867719086437,0.2709674135947301,0.2027962493124882,0.1814858959620282,0.16636052740894533,0.16648752909207953
2025-10-26,0.4483414426306899,0.32873135158940875,0.27438984517927517,0.20481847249855176,0.1829202755950533,0.16747196696306255,0.16700631492777387
2025-10-27,0.4461614767109444,0.33517939360875,0.27712722651694444,0.2087475357780904,0.18492819572350647,0.16950890850816575,0.16760198089314973
2025-10-28,0.381189378646446,0.3364484243516954,0.2787133728541369,0.20941161060317942,0.18545520846401978,0.17010945896423765,0.1676845026948717
2025-10-29,0.3689957675069994,0.3321920639323516,0.27824181118784774,0.20927945831077815,0.1855870703876047,0.1696319964779908,0.16774445213161526
2025-10-30,0.3953602603290961,0.34005789342966325,0.28370563628759843,0.2122773023992095,0.1882299329239618,0.1716632564015155,0.16881771321512387
2025-10-31,0.34894178073391,0.34123544469870604,0.28547844187241805,0.21322056205073886,0.189074489040246,0.17171148101029754,0.16908290354207706
2025-11-02,0.16947382187539314,0.3412178110405995,0.2863103525268026,0.21380813658420478,0.18944428765578758,0.17197705646691802,0.1691980576480532
2025-11-03,0.173071609719183,0.3407149080874978,0.28262422440739404,0.2133269991151019,0.18836347634165718,0.1713998384603281,0.16921477265132095
2025-11-04,0.17451355149623182,0.3445471634288211,0.2862723313257831,0.2161169503829723,0.19024348420483222,0.17299230277720243,0.17002302530030952
2025-11-05,0.18920210541013988,0.3355929890994648,0.28752153012886206,0.21663494210600068,0.1895498137881346,0.17329060332536786,0.17022659871340817
2025-11-06,0.18653193075623786,0.33423513964928186,0.2876253276096804,0.21656604374728045,0.1891143860064502,0.17326512299875887,0.1699425511930957
2025-11-07,0.1686701634702963,0.3310083455854646,0.2873028007188288,0.21607136160524013,0.18809344522518776,0.17325825596633898,0.16994440445541423
2025-11-09,0.16220528794905387,0.29840193349551675,0.2869537769567707,0.21601189145277733,0.18803165977052239,0.1732689419468987,0.16984862847155796
2025-11-10,0.2034032638398594,0.30435912282632216,0.2936608491915582,0.22118028132802486,0.1918840544971268,0.17640384925812602,0.1715791390315238
2025-11-11,0.1810019307985743,0.30535893555889904,0.2935604426080751,0.21991959619124585,0.19192107308636405,0.1761203084664928,0.17150486135633936
2025-11-12,0.17430699048456574,0.28911485960747213,0.294982511881461,0.22035472548718985,0.1907619169676488,0.17664779102154435,0.171748936360486
2025-11-13,0.16875619365683006,0.17645707952402867,0.29436590686019026,0.22027552933449732,0.19085663200892938,0.1762874794029674,0.17174256717515152
2025-11-14,0.22778620239927153,0.19997804697456867,0.3040799181772678,0.2272082949217445,0.1936617347182235,0.17933727144431721,0.17352594246598288
2025-11-16,0.20470559664446922,0.19814542321073025,0.30397912852030734,0.22722860212605286,0.19364152142968136,0.1792080712376971,0.17352288051862538
2025-11-17,0.22150583346085276,0.20455845581931562,0.2995231445145105,0.2288608115940601,0.19564009835368792,0.17978658294512243,0.1742725822082886
2025-11-18,0.22531354923519173,0.20399020930964734,0.3000213874554768,0.2294252174474877,0.1960913184188401,0.1799654993229071,0.17441641386074613
2025-11-19,0.22647964883257587,0.19541694577659563,0.29868631968937115,0.2296252855528096,0.19598224127493066,0.1801011471102899,0.17446886159868177
2025-11-20,0.2307173393741224,0.19414506304249843,0.2772406741334652,0.22995951323574626,0.1961677948985364,0.18016333641940016,0.17432311375073037
2025-11-21,0.18470406125410002,0.19433247670584783,0.2669847808269121,0.23022999658237006,0.19634348869342372,0.18032792447907012,0.17430257196052723
2025-11-23,0.18230077470633682,0.18013333971569528,0.267244360790785,0.23015017408250413,0.19624672769580195,0.18023167335246623,0.1742885394575873
2025-11-24,0.19412374392709703,0.1855448600396192,0.25787804550696136,0.23147612789058075,0.19617786077340138,0.1815418419537358,0.1745744216971942
2025-11-25,0.19424256379605748,0.18431963886039204,0.18009836157199272,0.23158512868502532,0.19631881834999212,0.18086465958926187,0.17461809097609987
2025-11-26,0.14334941375004334,0.1852340214624633,0.1812179013226958,0.23114766670222936,0.19649919557471868,0.18100550343416216,0.17468748117807323
2025-11-27,0.1442232804078922,0.17359719601483553,0.17989318817095862,0.23036250008106665,0.19582083042485415,0.18108792113908093,0.17462270167727312
2025-11-28,0.12651384484740608,0.17708497612717478,0.18447513804074775,0.23090373238918954,0.19683841979239824,0.18171438084070288,0.17492562427726277
2025-11-30,0.12365832652059576,0.1772200838959325,0.18071366519307802,0.23089297881133578,0.19670583343087722,0.18170044204799612,0.1747383838897252
2025-12-01,0.12266670059186459,0.1772988134609563,0.17276326895300925,0.22896527854609267,0.19670220185776247,0.18124941657260654,0.17465602633223384
2025-12-02,0.11764266266125932,0.17870272151556502,0.17082274936379846,0.22919537591531727,0.19655067162653553,0.1812029991230747,0.17472865880954877
2025-12-03,0.11440189924933294,0.15460349992931655,0.17044990550889935,0.2287749672448288,0.19628676370266204,0.1812243317496398,0.17474933661702793
2025-12-04,0.11590158523289405,0.15374112423109598,0.16076996259238077,0.2287988210999881,0.19615525944450535,0.18117098984995497,0.17402605074801086
2025-12-05,0.0900714771191596,0.14857184515858934,0.1583869017875951,0.228921777391638,0.1959743937620875,0.18126689256688971,0.1738759966917123
2025-12-07,0.08768605777436403,0.148518735945995,0.15700069870179767,0.22892782038444773,0.1959367066151753,0.18124328856229113,0.1738728821145121
2025-12-08,0.08218400335907261,0.11423217408495245,0.15709630591376955,0.22670354269304294,0.19572388912024594,0.18042257300821055,0.17374995147401526
2025-12-09,0.08216015139913191,0.11424742009670516,0.148197800613913,0.22638643657125962,0.19524786483791917,0.18012797572051667,0.1728041618658262
2025-12-10,0.04260865892688262,0.0977334991846485,0.1467037067265934,0.2264940519194312,0.19529249947843624,0.17922528862288375,0.17282353543645199
2025-12-11,0.06582737018995738,0.09810201024523546,0.14853634519448977,0.22717004970498733,0.19566539933047133,0.17925960952766257,0.17296345685479494
2025-12-12,0.06916654776043009,0.09747197398429157,0.14881667076481964,0.22713217432956392,0.19536186145649428,0.17850557217194774,0.17269938961288916
2025-12-14,0.06330008072875204,0.09240408084084781,0.1489062145258184,0.2269578186594345,0.19534527478929767,0.1784647884890102,0.1726989807757763
2025-12-15,0.06121954122723965,0.08982200397287812,0.1300395425843394,0.22517208397602173,0.1950514610256436,0.1780521649205602,0.17270187672943835
2025-12-16,0.060166260645760555,0.090097504717448,0.12947161732205606,0.22494100036914208,0.19398257926688126,0.17802747501182112,0.17267084748070247
2025-12-17,0.0583350459724968,0.07575646053759699,0.12702985620062188,0.22518264328805193,0.1938683099103623,0.17681308709057675,0.17275860426092918
2025-12-18,0.061148815876145186,0.07462657487544969,0.1269693323889248,0.22478218646658746,0.19379668246931261,0.1768632573075587,0.1727480314880246
2025-12-19,0.05756885840505713,0.07231902876444006,0.09901450788057446,0.2245269096553117,0.19343655194650838,0.17446969566418002,0.1723113685826806
2025-12-21,0.05760175725112103,0.0710963563348708,0.09904289023832487,0.22448209442514408,0.193458400547948,0.17445824512472538,0.17232354218372933
2025-12-22,0.11824813146232517,0.09531730696983641,0.10523534139821958,0.22494906501372056,0.1961425877878112,0.17723130113364538,0.17295277643103527
2025-12-23,0.11752774077232644,0.09800109945552539,0.10508272077265658,0.22516184802602712,0.19647458952223715,0.1775471426125464,0.17292892328953377
2025-12-24,0.1286908412317024,0.10244179368327613,0.10745072350989728,0.2245668028365834,0.19689112130245004,0.17766498987159104,0.17305080450213528
2025-12-25,0.1273480224413193,0.09958285829988553,0.10388593907620622,0.21217352261213213,0.19664043903686795,0.17742542395361754,0.17297682570984793
2025-12-26,0.12696767761217628,0.0998469121391582,0.10294400068230806,0.20474688506654196,0.19692118618753887,0.17760633816115867,0.17299841085944156
2025-12-28,0.12920678515236927,0.1003356621115517,0.10382867021454335,0.20466839135209086,0.19691538871866346,0.17757786260844874,0.17302107489840007
2025-12-29,0.2635061913049714,0.18754717270040577,0.15992521615696204,0.21435471368534212,0.20943576988321944,0.18720415646508345,0.1781898266502226
2025-12-30,0.26357920340465885,0.18787132876730314,0.159721399814357,0.1690810294614287,0.2094511236868546,0.18725944839963352,0.17819710830172447
2025-12-31,0.264083821487503,0.1883722402994942,0.1593199485201202,0.1692455663494835,0.2091202142825685,0.1874112931507831,0.17825637541037578
2026-01-01,0.2648240287598595,0.1887048496293742,0.15947163616906565,0.16882412415904854,0.2085527023074939,0.1868657285048825,0.1778506610913641
2026-01-02,0.22862029504285453,0.1891767771428657,0.15508534276565744,0.16896474040249704,0.20805841017470186,0.1870342942337767,0.17770199186603688
2026-01-04,0.22864866320855043,0.1887932459593278,0.1571566664592753,0.16790551126854958,0.2084595109039722,0.18724318312516042,0.17778128828765755
2026-01-05,0.24509222458260602,0.1947579350033775,0.162284141126063,0.16618858400337433,0.2081894330286982,0.1881597763540744,0.17768316203061466
2026-01-06,0.2526569797803211,0.19794611838021167,0.16405858546357222,0.1660525036010154,0.2088009836936373,0.18832131065444366,0.17795784374003712
2026-01-07,0.249599707217777,0.20034897640454968,0.16575200534366621,0.16668886740119515,0.2089212984423508,0.18848413524109964,0.1781495673992829
2026-01-08,0.2504782446908868,0.20033638822974534,0.1656267711304178,0.1619229305210788,0.2089084408106881,0.18834540426810914,0.1781447266177753
2026-01-09,0.11665050224949852,0.20039102166732456,0.1657797913149175,0.16087458108363448,0.2090763399364582,0.18820583596362164,0.17800778649586615
2026-01-11,0.11391608840180951,0.2008486267634831,0.1662279006084242,0.16042734549606333,0.20923442144466628,0.18827461048983615,0.17803057420808804
2026-01-12,0.11115932542163773,0.20387933081217754,0.16814991775173546,0.161742061998604,0.20836966254539474,0.18856253941972007,0.17833847662659216
2026-01-13,0.11482657878554546,0.20402765610557239,0.16830846725432708,0.15731254791732263,0.2081613719683366,0.1882220251893304,0.17809857141410507
